{"cameraMode":{"drawMode":0,"name":"Shaded","section":"Shading Mode"},"sceneLighting":true,"audioPlay":false,"sceneViewState":{"m_AlwaysRefresh":false,"showFog":true,"showSkybox":true,"showFlares":true,"showImageEffects":true,"showParticleSystems":true,"showVisualEffectGraphs":true,"m_FxEnabled":true},"in2DMode":false,"pivot":{"x":-15.093924522399903,"y":8.778360366821289,"z":-4.009059906005859},"rotation":{"x":0.14317215979099275,"y":-0.14319908618927003,"z":0.02151680551469326,"w":0.9796800017356873},"size":0.9059243202209473,"orthographic":false}