{"cameraMode":{"drawMode":0,"name":"Shaded","section":"Shading Mode"},"sceneLighting":true,"audioPlay":false,"sceneViewState":{"m_AlwaysRefresh":false,"showFog":true,"showSkybox":true,"showFlares":true,"showImageEffects":true,"showParticleSystems":true,"showVisualEffectGraphs":true,"m_FxEnabled":true},"in2DMode":false,"pivot":{"x":-13.793642044067383,"y":4.452474117279053,"z":1.4313688278198243},"rotation":{"x":0.0013984370743855835,"y":0.5370712876319885,"z":0.002279610140249133,"w":-0.8443740606307983},"size":17.52338409423828,"orthographic":false}