{"cameraMode":{"drawMode":0,"name":"Shaded","section":"Shading Mode"},"sceneLighting":true,"audioPlay":false,"sceneViewState":{"m_AlwaysRefresh":false,"showFog":true,"showSkybox":true,"showFlares":true,"showImageEffects":true,"showParticleSystems":true,"showVisualEffectGraphs":true,"m_FxEnabled":true},"in2DMode":false,"pivot":{"x":-36.261314392089847,"y":-10.176538467407227,"z":316.87945556640627},"rotation":{"x":-0.025946632027626039,"y":0.04640126973390579,"z":0.0020517795346677305,"w":-0.9990759491920471},"size":172.830322265625,"orthographic":false}