{"cameraMode":{"drawMode":0,"name":"Shaded","section":"Shading Mode"},"sceneLighting":true,"audioPlay":false,"sceneViewState":{"m_AlwaysRefresh":false,"showFog":true,"showSkybox":true,"showFlares":true,"showImageEffects":true,"showParticleSystems":true,"showVisualEffectGraphs":true,"m_FxEnabled":true},"in2DMode":false,"pivot":{"x":313.0563049316406,"y":-12.026809692382813,"z":-104.77459716796875},"rotation":{"x":-0.017598029226064683,"y":-0.8266080617904663,"z":0.021435288712382318,"w":-0.5639920234680176},"size":173.45828247070313,"orthographic":false}