{"cameraMode":{"drawMode":0,"name":"Shaded","section":"Shading Mode"},"sceneLighting":true,"audioPlay":false,"sceneViewState":{"m_AlwaysRefresh":false,"showFog":true,"showSkybox":true,"showFlares":true,"showImageEffects":true,"showParticleSystems":true,"showVisualEffectGraphs":true,"m_FxEnabled":true},"in2DMode":false,"pivot":{"x":23.393007278442384,"y":4.620200157165527,"z":17.000574111938478},"rotation":{"x":0.03386737033724785,"y":-0.7173848152160645,"z":0.03991048038005829,"w":0.6961557269096375},"size":12.12435531616211,"orthographic":false}