{"cameraMode":{"drawMode":0,"name":"Shaded","section":"Shading Mode"},"sceneLighting":true,"audioPlay":false,"sceneViewState":{"m_AlwaysRefresh":false,"showFog":true,"showSkybox":true,"showFlares":true,"showImageEffects":true,"showParticleSystems":true,"showVisualEffectGraphs":true,"m_FxEnabled":true},"in2DMode":false,"pivot":{"x":15.380585670471192,"y":2.675851345062256,"z":21.0745906829834},"rotation":{"x":0.0017742229392752052,"y":0.9918202757835388,"z":0.013083655387163163,"w":-0.1281040906906128},"size":0.3713913559913635,"orthographic":false}